Name,Comment,Time,Likes,Reply Count,Comments
Õ•íÜúJŒ±Œ≥Œ±nt„ÉÑ,Sir kaha se kare course pls btaye,2022-06-20T08:01:52Z,0,0,Question
Parmjeet Singh,"Hi Sir, mujhe Data analyst ka course karna hai... mujhe Data Analyst ka course kahan se karna chahiye.. main already operations mein job kar rha hu as manager, but main apna career switch karna chahta hu, data analysis and data science ki taraf... pls advise me, i'm from Delhi..

Main plan kar rha tha Data Analyst ka course from SimpliLearn but i want to give a second thought to my decision. And as per my discussion with them they said k mujhe module k 5mein se 2 topic khud se karne padenge and once I clear the assessment, tabhi main next modules k liye eligible ho paunga.. 

Yeh Baat unhone mujhe pahle nhi btayi... jab maine further dig down kiya tab pta chala.. and the bad thing is k unhone kahan yeh assessment wala kaam tmhe enroll karne k baad karna hoga.. Maine unko bola k yeh kaam tmhe enroll karne se pahle karwana chahiye and tmhe apne kuch free program rakhne chahiye ki pahle inka certification clear karo and then apply for this course.. what if i enroll and not able to clear the assessment, mere paise toh gye Paani mein... unhone bola k hum backend team se tmhe extra chance dilwa denge assessment clear karne k liye... but uska kya faayda jab mujhe kuch samajh hi nhi aayega and main course mein enroll b kar lu. Ab main plan kar rha hu k pahle udemy se koi course pick kar lu data analyst ka so that I understand the concepts and then I will enroll in SimpliLearn for certification purpose...",2022-06-19T08:47:35Z,0,1,Help
avnish sharma,Same here üôÑ,2022-06-21T10:38:52Z,0,,Help
Simana Chariye,Sir Simplilearn ka avi ek job guarantee course aaya hey.. data science job guarantee course.. woh karni chahiye? Woh installment facility vi provide kar rahi hey.. isse join kar sakte hey?,2022-06-17T20:52:18Z,0,0,Question
kiddikid,Hi there I am already abroad and I was looking for some data science courses and I came across this. They just offered me post graduate program in data science and it is accreditation by Purdue university and IBM and they are asking for 2200 $. So what do you recommend,2022-06-11T16:10:48Z,0,2,Appreciated
kiddikid, Science Career Coach thanks very much. Can you plz guide me as I have a degree in statistics and I want to pursue my career in data science and at the moment I am F7doing short courses like SAS visual analytics for  SAS viya and there are few more thi,2022-06-11T18:15:14Z,0,,Help
Data Science Career Coach,Galti se bhi nahi lena,2022-06-11T17:12:02Z,0,,Emotions
shivanand badiger,"Sir, now they introduced the job guarantee program than it is better to join or not..?? Please suggest",2022-06-11T13:53:31Z,0,0,Question
lakshmi k.v,"Don't join ""SIMPLILEARN"" it's worst",2022-06-07T18:11:10Z,1,0,Bad
lakshmi k.v,"If anyone wish to join simplilearn. Just listen to my story. What points specified in this video is exactly true.
I took DATA SCIENCE WITH PYTHON course a month ago, with EMI option. Classes to be held on weekends.
I took 2 weekends, means 4 classes, which was worst, 70 to 80 minimum in class... instructor are ok. Like youtube....keep on teaching... they won't respond to problem you face.
I decided not to continue.
Refund procedure huge drama by SIMPLILEARN CUSTOMER SUPPORT TEAM COMPANY.
we cont according to terms and policies. Every month EMI raises, bank levy high charges, mental Pressures everything. 


Moral of the story ""being educated...pleassssee  don't get fooled by marketing and advertising strategies of SIMPLILEARN""",2022-06-07T18:04:15Z,0,0,Bad
Aniket,Sir now they are providing job guarantee . Now worth it ????,2022-06-01T12:04:16Z,0,1,Question
Data Science Career Coach,"As per me , no dear",2022-06-01T12:16:19Z,1,,
Anjali yadav,Thank you so much sir. You have saved a lot of us. Sir what about edureka,2022-06-01T06:16:42Z,1,1,Appreciated
Data Science Career Coach,"Sister of Simplilearn dear..no good, but in dono ka yt channel achha hai",2022-06-01T06:18:45Z,0,,
mutual  funds & stocks üòÅü•∞,Sir  suggest  me  best  data science course online  in which I  get  job garenty,2022-05-31T14:28:24Z,0,0,Help
Manisha Thakur,Sir mere bhai ne join Kiya hai inka data science ka course or 1 week k bad usko lga ki mujse nhi ho rha .ye quit Krna chahta hai mgr fas gya wo inhone 170000 rs ka bill bta diya hai or bol rhe hn hm apko refund nhi kr skty apko .apko paiso bapis nhi milenge ..wo to loan pr le k kr rha tha but usko smjh nhi aya .ab kaise nikl skty hain is cheej se .,2022-05-31T13:44:29Z,0,2,Question
Manisha Thakur,@Data Science Career Coach but sir unke bill me likha hua hai ki fee is non refundable to wo ye bol skty hain ki apne hmari terms and conditions kyu nhi read ki .ab mere bhai ne nhi ki read but bnda almost 2 lakh bhrega bina interest k ye b to koi logic n,2022-05-31T14:07:08Z,0,,Suggestion
Data Science Career Coach,Consumer court dear,2022-05-31T14:01:04Z,0,,
shivam sahani,Sir where can i do cloud devops engineering,2022-05-26T08:31:49Z,0,0,Help
Praveen Singh,"Sir myself Praveen Singh
I am doing job in civil feild in Bangalore 10 years can you suggest me data science pls suggest me",2022-05-23T10:14:42Z,1,0,Help
vaishali patel,Thanks for sharing i was just thinking about to join.thanks for sharing real things.,2022-05-14T04:29:44Z,0,0,Appreciated
Prabhu Shankar,Sir please suggest me where can I enroll for data science course?,2022-05-06T11:15:43Z,0,0,Help
rahul kshirsagar,you are correct Sir. Don't join Simplilearn I have my experience I was joined Simplilearn classes when I don't want to continue classes they forcing me to continue even I am fitted under refund   policy. They are calling and given discount again but they are forcing to continue.,2022-05-02T12:42:55Z,1,1,Suggestion
ZeeVlog Youtuber,Why u want to continue u didn't get job ?,2022-05-28T08:21:27Z,0,,Question
sanjay kumar,Which place is best for data science job grauntee program please provide me,2022-05-01T05:23:22Z,0,0,Help
Happy Being,"Simplilearn purdue University digital marketing course verses ISB Digital marking course

Price , duration, number of hours classes taken, promises are all same

What do you suggest someone ??",2022-04-22T04:08:01Z,0,1,Help
Sagar gupta,It depends on how much eagerly you want to learn. Youtube itself has so much content to study. Good Luck!!,2022-05-31T09:49:37Z,0,,
pulkit jain,Sir maine llb kr rkhi h unemployed hu 28 sal ka hu... Mai data science ya business analytics ka course krna chahta hu... Sir kaha se krna chaiye jaha acha bh pdae aur job bh mil jae... Sir pase ki kami h bhaut jyada... Maine relevel ka business development course kra tha bilkul bakwas course tha... Kuch nh hua... Pls advice kriye,2022-04-20T02:49:40Z,0,0,Help
NADEEM AHMED,Hi sir I am confused which company are best in data scientist job guaranty program simple learn and intelipath contact many time both company are provide job guaranty program but fees is difference intelipath fees 115000 from mit and IIT Madras sallary guaranty 6 to 9 per year but simple learn 9 lack starting sallary fees 157000 thousand plz plz plz reply my coment i am waiting ur opinion,2022-04-09T19:16:13Z,0,0,Confused
Rose Gosh,Please  tell us which data scientist programme is best you should say first,2022-04-08T00:32:09Z,0,0,Help
Watan Asthana,Sir how about their pgp in digital supply chain management cource  is it any good.,2022-04-06T15:55:48Z,0,2,Help
Watan Asthana,@Data Science Career Coach sir suggest any  other source  from where the cource will be good.,2022-04-06T16:41:40Z,0,,Help
Data Science Career Coach,Useless,2022-04-06T16:36:58Z,0,,Bad
minhaj ahmad,Sir admission ke leye keya better hoga suggest me sir,2022-04-04T19:12:02Z,0,0,Suggestion
Shashi Bhushan,suggest any trusted for job guaranteed job institute,2022-04-03T07:47:21Z,0,0,Help
Jyoti Suryan,"Sir , I have completed MCA in 2016 n didn't do any job bt now i want to restart my career so think abt data science as data science is most popular.from whr i need to do with 100% job guarantee",2022-03-19T09:02:20Z,0,1,Help
Data Science Career Coach,Apne batchmates or seniors se jo aaj analytics or data science me hain,2022-03-19T10:11:06Z,0,,Question
Jyoti Suryan,Sir I wanted to join the data science course in simplylearn. And they were saying 100% job guarantee otherwise fee refund,2022-03-19T08:50:21Z,0,1,Question
Data Science Career Coach,Be careful,2022-03-19T10:10:23Z,0,,
Snehal Neel,Sir please suggest a good data analytics online course with job guarantee,2022-03-18T07:10:08Z,0,0,Help
Rohit Sarade,Dekho bhai jisne bhi simplilearn me Full stack developer ka course kiya hai wo please reply kare unka response hi sahi rahega .,2022-03-11T09:29:16Z,0,0,Help
utkarsh srivastav,Sir abhi simplilearn wale 100%job guarantee bol rhe hai to kya kre,2022-03-10T23:00:55Z,0,1,Question
Data Science Career Coach,No good dear,2022-03-10T23:11:26Z,0,,
injoy life,Love you sir,2022-03-08T13:23:50Z,1,0,Appreciated
Javidan Mamedzadeh,Any english subtitles?,2022-02-23T17:12:05Z,0,0,Question
Rakesh Kumar,Sir koi institute bta do aap ki data science kaha se karna sahi hoga,2022-02-19T03:01:55Z,0,1,Suggestion
Data Science Career Coach,Best is jo aapke relevant connections ne kiya ho,2022-02-19T04:37:05Z,0,,
shubham Bhangare,We provide job assurance Program,2022-02-16T18:02:29Z,0,0,Help
shubham Bhangare,We provide job assurance Program,2022-02-16T18:02:29Z,0,0,Appreciated
Shubham Urunkar,Sir abhi toh simplilearn ne 100% job guarantee program start kiya he...uska bhi review kijiye plz,2022-02-16T02:48:58Z,0,2,Help
Shubham Urunkar,"@Data Science Career Coach yes sir abhi dekha mene , thank youüôè",2022-02-16T04:05:26Z,0,,Question
Data Science Career Coach,Already kiya hai mere bhai,2022-02-16T03:59:51Z,1,,
Abhishek Ranga,sir data science can be learn by non technical background people,2022-02-13T03:16:26Z,0,0,Question
Abhishek Ranga,NIIT data science course kaisaa hai????,2022-02-13T03:12:05Z,0,0,Question
Naughty Baby,"Sir ,so which academy is best suited to do the data science course who can guarantee the job after completion of the course..please suggest because in the market so many academy are offering that it makes us confused what to do.",2022-02-10T11:32:47Z,2,1,Help
S D,got your answer?? please tell me too,2022-02-23T14:37:21Z,0,,Question
komal kale,"Sir, any institute that you suggest is best for Data Science with Placement?
Please let me know",2022-02-09T13:11:09Z,0,1,Help
Shariq Ansari,If you find please  let me know and any institute which you know about,2022-02-16T16:34:39Z,1,,Question
neil 9,Shamhaji tha Bü§ë$$  üòé,2022-02-08T15:36:58Z,0,0,Appreciated
shital chavan,thanks for saving me,2022-02-08T08:47:17Z,0,0,Appreciated
Educate with Story Talk's,Great üëç,2022-02-05T09:26:53Z,0,0,Appreciated
Diksha Gupta,Sir meri ek current customer care se bat hue to bol rhe he job guarantees Dene ka bol rhe he,2022-02-05T08:31:15Z,0,0,Suggestion
Faheem shah,There is a  100%  job guarantee program any one want to know reply below .thanks,2022-01-25T00:32:41Z,0,0,Question
Anuj Sharma,Nice sir,2022-01-23T15:46:35Z,0,0,Appreciated
Nitesh Tiwari,"Sir i was planning to do PG in Data science its good to do from Simplilearn 
i got call and the were telling 37k its good or not to do course from Simplilearn",2022-01-21T14:19:42Z,0,12,Question
S D,@Nitesh Tiwari is it in mumbai ? location? and course fees?,2022-02-24T15:13:36Z,0,,Question
Nitesh Tiwari,@S D no i have recently joined the class,2022-02-24T15:04:24Z,0,,
S D,@Nitesh Tiwari so you got placements??,2022-02-24T14:50:33Z,0,,Q
S D,@Nitesh Tiwari fees?,2022-02-23T15:26:36Z,0,,
Nitesh Tiwari,@S D IT vedant its 1 years course with 100% placement,2022-02-23T15:21:58Z,0,,
S D,@Nitesh Tiwari btw thnks for answering,2022-02-23T15:17:09Z,0,,
S D,@Nitesh Tiwari can u name that ? and also how is couse and also how is placement ?,2022-02-23T15:16:56Z,0,,
Nitesh Tiwari,@S D i just took  another institute training and currently doing ms in  Data Science,2022-02-23T14:46:18Z,0,,
S D,@Harisankar S what you done then??,2022-02-23T14:40:21Z,0,,
S D,@Nitesh Tiwari further what you are doing? I am also at same position.what to do next if not simplolearn then what ? please answer me,2022-02-23T14:40:08Z,0,,
Nitesh Tiwari,@Harisankar S i have reject his offer,2022-01-22T12:36:28Z,0,,
Harisankar S,"Same happened for me, what is your decision??",2022-01-22T12:30:54Z,1,,
M_Technical,KOi authenticate nahi he,2022-01-19T20:44:22Z,0,0,Suggestion
Saikat Dutta,"sir, avi to simplilearn walo ne 100% job guarantee or money back program  start kar diya ha, uske bare me kya rau ha? dataisgood, dataTrained or simplilearn ye 3 me se konsa best rahega? mereko sikhna v ha or job guarantee v chaiye.. PLease bataiye/",2022-01-11T14:22:06Z,0,0,Question
Ashwin Patel,"Sir Excel R ka review dijiye na  ,pls pls pls",2022-01-07T21:25:17Z,0,0,Question
sumit bhatnagar,"jai shri mahakaal ek no.. bhai
Thank you",2022-01-06T17:15:10Z,1,0,Appreciated
shubham,Sir how I can I contact you please update,2022-01-05T17:18:54Z,0,0,Question
Ismail,They will not provide any interview?,2022-01-03T14:55:00Z,0,0,Suggestion
Ismail,"Mai financially Itna problem me nai hoon, but Aap ye kah rahe ho k simplilearn se course karega usko job assurance nai hai?",2022-01-03T14:54:22Z,0,0,Suggestion
arphaxad,nice,2021-12-30T11:05:10Z,0,0,Appreciated
Abhijeet Kumar,"They started their job guarantee program, please review it asap",2021-12-26T03:08:23Z,2,0,Help
Vishnu A,Should I join the course they provided?? Or do u have any suggestions for entry BA,2021-12-24T00:45:56Z,0,1,Question
Data Science Career Coach,No as per me,2021-12-24T07:59:18Z,0,,Suggestion
charan dabbdi,"Hi Sir, Simplilearn has brought  DATA SCIENCE 100‚ÑÖ JOB GUARANTEE BOOTCAMP , is it worth joining?",2021-12-20T07:44:48Z,0,1,Question
Data Science Career Coach,No as per me,2021-12-20T07:48:56Z,0,,Suggestion
Mohammadzaid Shaikh,Wasted about 50K 10 days ago. All they do is provide training certifications which hold no value. I don't know what to do now. All the money went down the drain. ;(,2021-12-17T05:44:03Z,0,1,Bad
S D,now whats your status? have u got any placement ? I am also looking for simplilearn is it bad or good,2022-02-23T14:41:54Z,0,,Question
Aniket Tayde,"Sir simplilearn ka bootcamp course hai 1.80L ka...
6L ka pakage denge bolte course completion pe guaranteed...
Karu ya naa karu...agar koi accha institute ho to please suggest...üôèüôèüôè",2021-12-14T09:23:15Z,1,0,Help
Gladiator maximus,"0.40 and I subscribed the channel , I dont want to explore Quora all day for my answers",2021-12-14T03:01:26Z,0,0,Appreciated
aamod dar,Sir I will share my past experience gv me sometime.,2021-12-06T11:43:10Z,0,0,Confused
Mahadev Gaming,Sir job oriented data analyst course kahan se theek rahega if u can recommend,2021-12-01T18:47:16Z,0,0,Help
Ar hc,Sir please start teaching data science tools. That will solve a lot problems for guys who can't afford huge course fee to join any Institute.,2021-11-29T06:46:12Z,6,0,Suggestion
Mukesh Kumar,Please suggest authentic centre to learn with job guarantee,2021-11-27T11:40:36Z,0,0,Help
Ankit Singh,"Aapnay eay to bata diya mat join karo, but please suggest Institute Jobgranted",2021-11-21T15:54:50Z,0,0,Help
Siddhi Patil,Sir please give me skillslash course review ? I realty require job guaranteed course,2021-11-20T15:04:56Z,0,0,Help
Gaowala,"Life time bhi hai,,, its good learning in budget for me###",2021-11-15T15:45:59Z,0,0,Appreciated
Thankyouüòá,"Which is the best online platform to learn data science? 
Pls reply...",2021-11-12T08:54:19Z,5,0,Help
Pranav kr. Gupta,Sir dre is board infinity... and they r giving job guarantee for data science course... so should i join or not???,2021-11-08T15:02:54Z,0,0,Help
Muhammad Saad,"Sir beside of jobs, Is Simplilearn a good option from learning aspects?
I mean it is totally based on practical, hands-on learning & real-life Data Science projects etc...
And what about edureak ?",2021-10-29T13:18:35Z,3,4,Question
Kp Kumawat,"Hey, i am going to purchase edureka's data science with python. Can you please give me some reviews about that ?",2022-05-18T13:05:22Z,1,,Question
Rohit Sarade,Tumne kiya tha kya,2022-03-11T09:18:51Z,0,,
PAVITRA BIBLE,Thanks.,2021-11-26T19:50:38Z,0,,Appreciated
Data Science Career Coach,No,2021-10-29T14:25:47Z,2,,Bad
Omprakash Prasad,mai bhog chuka hu .faculty sahi nhi hai ..and refind bhi nhi deta hai..mere pure paise waste hue hai...,2021-10-24T17:20:01Z,1,1,Suggestion
Muhammad Saad,Could you please share the details?,2021-10-30T11:35:18Z,0,,
Simba ~ SG,Never join this simplilearn training coz this are all a scamsters.,2021-10-23T02:47:02Z,1,0,Suggestion
King Kumar,Thank you sir for your review but please guide elaborately which one to join....,2021-10-07T12:45:31Z,0,0,Appreciated
azmat khan,"Career X
Panasonic 
3g digits60
Innodatatics Panasonic innovation
Applied ai 
Spring boat",2021-09-28T21:29:05Z,1,0,Help
Yash Gupta,Koi please batao ke job gaurantee wale course konsi web site or konsi company de rhi hai?,2021-09-28T05:39:32Z,0,0,Question
Agnivesh Kumar,Thank you SO MUCH!!!!,2021-09-26T00:58:16Z,0,0,Appreciated
gurpreet singh,Please share your contact no.,2021-09-23T16:09:05Z,0,0,Question
Rohit Kumar,Thanks for saving. I was going to enroll Simplilearn Business analyst program. Just watched your review. Thanks,2021-09-19T06:58:41Z,25,2,Appreciated
Vishnu A,Bro did u find any other way to learn BA ?? If u find something please let me know I want to start a BA course.,2021-12-24T00:40:42Z,2,,
RAHUL KUMAR,"Sir Abhi Simplilearn Full Stack Java development course laye hai. Jisme Job Gaurantee hai. 
This is good or not ? Please tell me sir üôèüôèüôè",2021-09-18T12:30:05Z,0,1,Question
Data Science Career Coach,Nope as per me,2021-09-18T12:51:46Z,0,,
Anshumalin Rout,How is the PGP course at simplilearn ?,2021-09-16T12:38:44Z,0,0,Question
dost,Point to point baat ....üôèüôèüôè,2021-09-15T16:01:50Z,0,0,Emotions
Naveen Kumar Maurya,Sir imarticus learning ka review dijiye,2021-09-09T16:02:04Z,0,1,Question
Data Science Career Coach,Already bana hai mere bhai,2021-09-09T16:04:06Z,0,,
Mukesh Kumar,Sir please suggest best institute for cybersecurity  ......please reply,2021-09-05T16:35:43Z,0,1,Question
Data Science Career Coach,No idea my dear aby this,2021-09-05T17:15:32Z,0,,
Argha Sarkar,Thank you sir..great video.,2021-09-04T14:24:39Z,2,0,Appreciated
MITESH KUMAR,SIR ODIN SCHOOL KA REVIEW,2021-09-04T02:45:57Z,0,0,Question
Rakesh Jadhav,I enrolled for Master of Data Analyst with Simplilearn.. for abt 39k.. My batch has yet nt started. Other institutions were charging me 100000+ for the same course. My only point behind doing so is Certificate. Coz Currently I am not working.. and looking to switch my career path.,2021-09-03T18:27:31Z,0,5,Help
Alka kumari,I also want to know,2022-03-19T08:48:08Z,0,,
S D,hi got any placement through simplelearn,2022-02-23T14:38:35Z,0,,
shubham yadav,"Hi Rakesh , have you get benefitted by course on simpliearn",2021-12-28T06:27:56Z,0,,
Lakshmi kanth,@Kumpatla Krishna Vamsi bro did you enrolled in simplylearn??,2021-10-28T19:49:21Z,0,,
Kumpatla Krishna Vamsi,"Bro, how is the course in simplilearn bro and is it giving any job assurance? I want to enroll in it.",2021-10-08T10:02:38Z,0,,
Vinay Verma,"I m 15 years exp in Telecom industry, is Apllied AI course relevant for me...plz reply.",2021-08-26T11:25:07Z,0,0,Question
Vinay Verma,Applied AI course ke baare main review kijiye sir...,2021-08-26T11:22:12Z,0,0,Question
jeevanjeet pradhan,"Mene kiya he data sc ka, bahat aacha course he. Life time access v sahi he. Fir 40000 me 8 courses de rahe he.",2021-08-26T06:11:04Z,0,3,Suggestion
S D,@jeevanjeet pradhan yes thank u,2022-02-23T15:24:08Z,0,,
jeevanjeet pradhan,"@S D guarantee to nehi he, par iim ka placement portal ka access de rahe he. Mujhe job nehi karni thi, to me try nehi kiya, aap karlo. Par experience bahat hi aacha tha",2022-02-23T15:19:24Z,0,,
S D,placements??,2022-02-23T14:41:03Z,0,,
Snehal Birje,sir plz review about simplilearn master program in business analyst,2021-08-22T15:35:21Z,0,3,Question
Rohit Sarade,@Arnav Rana bhai aapne kiya hai kya ?,2022-03-11T09:24:09Z,0,,
Arnav Rana,@Data Science Career Coach sir aapko bakwas kyu lga usme to sab cheez cover hain and acha konsa h aap hi bta dijiye,2021-10-14T08:59:50Z,0,,
Data Science Career Coach,Bakwas se bhi bakwas hai my dear,2021-08-22T16:06:01Z,0,,
Tousif Shaikh,How is pro school for online business analysts course?,2021-08-22T11:28:30Z,0,0,Question
Tousif Shaikh,"Sir, can you please suggest then from where should we pursue ‚Äú business Analysts ‚Äú online with 100% job placement?",2021-08-22T11:27:16Z,4,4,Question
Prodi G,"@Shashi Saini it's like hitting six in last ball, so it totally depends on you dear ‚ù§Ô∏è",2021-12-27T09:34:30Z,1,,
Shashi Saini,@Prodi G are you sure....,2021-12-27T09:12:39Z,1,,
Prodi G,"They will provide, but at the end it depends on skills",2021-12-16T14:09:56Z,3,,
ashim datta,No one will provide with the job..yes if u want to learn then u can learn from anywhere,2021-10-12T02:09:43Z,2,,
Prashant Vartak,How valuable is the msc data science course in nmims. ?,2021-08-20T19:07:15Z,0,0,Question
Swarnav Deb,I saved myself a fortune... I was about to take the program few months back...,2021-08-19T05:07:47Z,0,0,Appreciated
venkat,one of the poor review...simply he is indirectly marketing for some one,2021-08-17T07:26:48Z,0,0,Bad
Siddhant Raj,"How is the content and teaching methods of simplilearn  ? I want to learn and get certified , job hai mere pass , m interested in there tech masters program which has 8 certifications in 50k",2021-08-14T05:50:52Z,0,10,Question
Chirag Tyagi,@Naveen Hiremath i did enroll  in their Master of Master course.,2021-12-16T17:57:23Z,0,,
Naveen Hiremath,"@Siddhant Raj Hi , have you taken the course",2021-12-16T16:01:21Z,0,,
Naveen Hiremath,@Chirag Tyagi have you got anything ?,2021-12-16T16:00:55Z,0,,
Siddhant Raj,@Chirag Tyagi sure pls do ur research,2021-08-18T03:19:09Z,0,,
Chirag Tyagi,Do you know someone who has benefitted from simplilearn's certificates? That might give us an idea about the worth of the certificates!,2021-08-18T03:16:29Z,0,,
Chirag Tyagi,"You will get 8 certificates only if you complete all the courses in the given timeframe.
Plus we don't know how valuable simplilearn's certificates are there in the industry.
Moreover if you are in development profile , not all 8 courses would align to your profile. These are fee factors I am thinking before I enroll for this course",2021-08-18T03:15:44Z,0,,
Siddhant Raj,@Chirag Tyagi I don't think so you are getting 8 certifications in that fees,2021-08-18T03:05:18Z,0,,
Chirag Tyagi,@Siddhant Raj- yes it does sounds interesting but I still feel fee is somewhat on higher side.,2021-08-18T03:01:10Z,0,,
Siddhant Raj,@Chirag Tyagi I haven't but I will course sounds interesting,2021-08-18T02:48:49Z,1,,
Chirag Tyagi,"Hi Siddhant, did you enroll in this course? I am also planning to enroll in this course!",2021-08-18T02:40:14Z,0,,
Hameed ma,Thanks for your honest review on each topic,2021-08-09T20:24:08Z,2,0,Appreciated
Honey devaang,sir aj ki date me btaye ki simplilearn ya upGrad dono me se kya better hai?? agar apke bhai ko foreign me settle hona ho to kya best hai??,2021-08-09T04:59:13Z,0,0,Question
Alok Kumar,"Sir I want to join
Data Science which institute is best for gurranted jobs??
Please sir",2021-08-05T18:03:56Z,0,0,Question
Sai Kiran,Pls review that  is right or worng,2021-08-02T14:10:40Z,0,0,Question
Sai Kiran,Sir I want to join geek lurn for data science architect program,2021-08-02T14:09:49Z,0,0,Help
Urmi Gori,I want to learn data science and need useful resources that could help me throughout the journey. Can you please recommend something?,2021-07-31T14:34:09Z,0,0,Question
Cha Ndu,TQ so much üíú,2021-07-31T07:02:26Z,1,0,Appreciated
Simran Avtani,Sir please bataye data science course m Excel advance learn krna zruri h kya?aur 360digitmg better h na simpli learn se please reply sir,2021-07-29T08:35:14Z,0,0,Help
Dhanashree Ambekar,I have contacted to most of the online training companies it is very difficult to select which is better because all they talk the same but no one gives job guarantee. They will provide job assistance anly.,2021-07-26T12:31:55Z,0,0,Question
Pin2,"Please Sir....( I have Confusion)

i would like know  that there is only one course for data scientist and  data analyst that is different.....

Even we study from University/college or YouTube then....",2021-07-23T16:01:58Z,0,0,Confused
kholiwaleterijai,Sir Simplilearn Hindi language mai nhi h kya,2021-07-22T05:52:12Z,0,0,Question
Alpha trooper14,Thank you so much <3,2021-07-21T19:35:04Z,2,0,Appreciated
Happy Hours !!,Kindly give me your number.i want to talk about data science courses sir,2021-07-20T02:07:39Z,0,0,Question
Dinesh Chavan,"Sir pls review dedo Datatrained academy ka kauki mai mera career change kar raha hu  private teacher se data scientist . Mera life la sawal hai pls pls
I am so frustrated in my life",2021-07-18T14:32:39Z,0,0,Question
Praveen Kumar,Kaha se kare ye to batye sir koi Name to batao,2021-07-18T11:41:59Z,0,0,Appreciated
Amol ghanekar,Sir this is Amol here.  Pls sir I want to talk to you.  Needes your guidance.  Pls share your num or insta id.,2021-07-17T21:26:17Z,0,0,Question
Mukul singh,Sir avi simplelearn 100 presentt job provide kar rhe hai kya isko join karna sahi hai sir plzzz mujhe btayiye..,2021-07-08T11:09:36Z,0,0,Question
Gaurav Tejwani,I want to like this video twice let's request @YouTube,2021-07-02T19:46:35Z,0,0,Appreciated
14K Bhupendra Kumar,Sir DECODR TECHNOLOGIES kaisa rahega as mujhe data scientist ka course Krna hai..plz help,2021-07-01T10:45:24Z,0,0,Help
Somresh Nanda,Sir best institute for data analysis course...for getting job,2021-06-27T15:43:14Z,1,0,Question
Siddhartha Khatri,Bahut umdaaa üôèüèªüëèüëèüëè,2021-06-27T09:38:42Z,0,0,Appreciated
ASHUTOSH GUPTA,Sir simplilearn data science with python course is worth full? Will it give job? Plzz reply or make one video?,2021-06-24T19:15:35Z,0,0,Question
Arun Kumar,"Sir, i want to talk to you, please sir mai data science program krna chahta hu. Kuch samajh nhi aarha hai kha karu. Please sir i want to talk to you on call",2021-06-22T12:31:29Z,0,0,Question
Tanmoy Das,"Sir, job guaranted wala training center koi  hai appke hisab se?? And sir, Mai ek arts background honours graduate, kya mujhe data analysis course karke Faida hoga??",2021-06-20T07:21:15Z,0,0,Question
Marco Fernandes,is it English?,2021-06-17T02:28:46Z,0,0,Question
Ayush Singh,Review for itvedant sir.,2021-06-15T18:08:51Z,0,0,Appreciated
Ansh Arora,"Sir, please Don't stop this work a big thanks to you",2021-06-11T17:48:14Z,2,0,Appreciated
Ansh Arora,"Thank you so much sir I belong to a lower-middle-class family you saved me 50 thousand rupees I don't have words to thank you.
I was going to pay for the data analytics course from Simplilearn but you saved me.",2021-06-11T17:44:32Z,16,5,Appreciated
Atul Arora,"Tune ye to boldiya jhandis ki 50k bacha liye... Muje batayega 1 saal ke baad bhi tune koi course join Kiya ki nahi



Ek review mai deta hu.... Course era aur Udemy me sirf beginners ke liye courses hai.... Ab aap log decide kar lena... Kaise pata maine Data Analyst ka saara course download Kiya hai .... Paid. Ourse from course era",2022-06-15T02:02:13Z,0,,Suggestion
Nikhil Kumar,Give me good alternative...,2022-04-14T12:40:25Z,0,,Question
Tarun Kanth,You got any better alternative ?,2021-08-15T18:06:27Z,0,,Question
sonali sinha,Did you applied for Data Analytics,2021-07-29T15:31:52Z,0,,Question
Shivam 4you,Ansh bhai DM me,2021-07-27T18:22:55Z,0,,Help
Shubham Agarwal,Great knowledge,2021-06-08T19:42:31Z,0,0,Appreciated
Rajdeep Deb,"You should give a straight away review rather than gossiping around it.

There are many platforms and course sites that offer sealed certifications on data analytics and big data and data science etc but WHAT MATTERS THE MOST IS KNOWLEDGE AND NOT A CERTIFICATION. 

The recruiters or company HR knows there are many courses over the internet and anybody with a smartphone can do certifications. But finally in the interview if they ask u one core question and u sit their awestuck than there is no point of such bunch of certifications.

Talking about simplilearn, it's a good platform to learn about the above subjects however u need to first ask the coordinator to send u the detailed content and some sample videos of their lecturers giving lectures. After that yu can decide whether to join or not.

Often lectures by desi guys in English doesn't make tat impact which a British accent does. However it's just a point.",2021-06-04T20:05:10Z,4,0,Suggestion
Deepak Prajapati,"Please dont join this course at all , faculty are just reading ppt and nothing more then that , better option you should learn your self from google",2021-06-04T11:18:03Z,1,0,Suggestion
prakash Kunder,"Sir, accordingly to you which good institute to join for middle class guy for data scientist",2021-05-27T12:26:28Z,5,1,Question
Rubi Khan,Code with harry,2021-07-19T10:08:51Z,2,,Suggestion
Raju Kumar Gupta,The advertisement talk perfectly fits on BYJUS.,2021-05-27T06:27:58Z,8,0,Suggestion
Kushal Joshi,Thanks a lot Sir for this video... Sir how is Newton's school.. they teach for free and when we get a job we need to pay them 2.5lacs..approx,2021-05-22T12:55:41Z,4,0,Appreciated
Sarab Kaur,Sir how can I contact u on whatsapp,2021-05-20T10:10:29Z,1,0,Question
forward momentum,"Hi sir i am looking forward to go abroad but in the mean time i am looking forward to learn something about business which would help me to get a part time job over there when i will be studying so i wanted to do a master course in business analysis and i saw simplilearn they are claiming their course is valid globally, but after reading all these reviews i am in dilemma whether to join or not.",2021-05-12T10:32:52Z,3,0,Help
Radesh Nayak,Why don't you reply for below bro? Everybody wants to know your opinion which is that job gurrantee institute? üòÅ Any positive response or just being negative as always,2021-05-02T17:12:32Z,1,4,Question
Radesh Nayak,@Data Science Career Coach I trust Data Science Career Coach.. üëç,2021-05-03T07:15:30Z,0,,
Data Science Career Coach,"@Radesh Nayak i have already shown d right path brother, if u dint have relevant connections then anything u do will be waste of time bcz u nay end up doing irrelevant things. .",2021-05-03T03:25:43Z,1,,
Radesh Nayak,"@Data Science Career Coach If we have relevant connections we wouldn't be researching on YouTube brother. U are undoubtedly an expert in this field. It's good that you are providing your views, but it's equally important and we expect that you show us the",2021-05-03T02:44:29Z,0,,
Data Science Career Coach,May God bless you with peace ... Pls talk to ur relevant connections in a d besr course for u...,2021-05-02T19:18:50Z,0,,
Neha Mishra,"Sir please koi job guaratntee training centre bataiye for data science
..I will be very much thankful ... Also nice video was helpful for a introvert like me",2021-05-02T12:15:04Z,11,1,Appreciated
Abu Torab,"Hello mam, kya aap ne data science training kr rhe ho ya kr liya then plzzz suggest me,
Maine bhi Data science course krna hai, plz reply....",2021-10-08T07:25:43Z,0,,
Bhavishya Rathore,So you mean the company who have good investment and good marketing advertisement are bad?,2021-04-11T14:50:41Z,0,0,Question
K D,Sir I have joined data trained please review them as well what you think about them,2021-04-11T08:35:49Z,1,1,Question
Data Science Career Coach,I have already reviewed them dear..pls search foe datatrained review by data science career coach on youtubw,2021-04-11T09:24:21Z,2,,
Pulkit Pal,BHAI JOB GUARANTEE KON DE RHA HE,2021-04-10T15:36:41Z,0,0,Question
Pankaj Sharma,thnx sir,2021-04-05T19:16:46Z,0,0,Appreciated
Sayed Adeel,Sir 4achiver institute kse hai,2021-04-03T11:27:04Z,0,0,Question
giragani pallavi,"Sir actually I want to join in simplilearn for data science  so, iam checking for the review YouTube suggested ur video but i dnt know hindhi can u plz say it in English or telugu",2021-04-01T10:27:47Z,3,2,Question
Rohit Sarade,@Kajal Hiranyawar üòÄ,2022-03-14T14:52:46Z,0,,
Kajal Hiranyawar,He said don't join,2021-04-13T19:16:44Z,1,,
giragani pallavi,Can any one explain his words in English,2021-04-01T10:19:14Z,2,0,Question
Deepak Sharma,Thank you so much bhai for saving my money. But pls do recommend institutions who offer job guarantee,2021-03-23T06:58:15Z,3,0,Question
saurabh singh,Jab IT aur Internet nahi tha tab Data Science ki bhi value nahi thi sir. Change with time.,2021-03-16T15:14:57Z,0,1,Suggestion
chaitak Sadhu,He is talking about no internet confusion might not be there for any kind of job information,2021-06-12T06:37:42Z,0,,
Kartikey mishra,"Sir, Please give a review for Java full stack developer job Guarantee program",2021-03-05T17:16:42Z,1,2,Question
Kartikey mishra,@Data Science Career Coach oh thanks for saving me I was going to take admission in that program,2021-03-05T17:24:58Z,0,,
Data Science Career Coach,Useless,2021-03-05T17:21:01Z,3,,
My Dream Technology,"Sir ,noida me sabse best institute data science ke liye kaun sa hai",2021-03-02T17:58:14Z,0,1,Question
hoo,Online ha,2021-03-06T19:44:53Z,0,,
Gaurav Rakshe,Simplilearn has started full stack development program with job guarantee what do you think about it?,2021-03-01T12:45:06Z,0,4,Question
abhijit pawar,I think it's good,2021-08-15T12:24:07Z,0,,
Gaurav Rakshe,@Data Science Career Coach sir guide me i need help m totally confused nd this confusion gives me tnsion abt future i have done BCA in 2018 worked in non IT company for years stillworkinh their only now i need to change it nd go cm into IT again for good ,2021-03-01T14:53:44Z,0,,
Gaurav Rakshe,@Data Science Career Coach why so sirji?,2021-03-01T14:51:38Z,0,,
Data Science Career Coach,Useless,2021-03-01T14:00:33Z,0,,
Zeenat Shaikh,Thank you so much I don't have words to express my gratitude to you.,2021-02-28T17:13:10Z,6,1,Appreciated
Data Science Career Coach,Most welcome dear,2021-02-28T20:06:11Z,1,,
Peddi Ganesh,Hi Sir what is your opinion on Amity future Academy program,2021-02-25T21:46:53Z,1,0,Question
Sonia Sarin,"Sir , could u  tell some relevant questions asked in the interview for business analytics  program",2021-02-24T12:53:24Z,3,1,Question
Leena the plug,You are best best... And truth opinion always,2021-02-21T14:39:28Z,0,2,Appreciated
Leena the plug,"I am a SAP FICO consultant and planed to shift my career to Data analyst, is it will be a good decision? 


Please suggest",2021-02-21T19:34:49Z,0,,
Data Science Career Coach,Thank you dear,2021-02-21T16:52:17Z,0,,
Praveen Kumawat,pls review about insaid,2021-02-13T12:22:49Z,1,0,Question
prashant sharma,Dear sir I want to start career in data science please suggest something.,2021-02-08T02:16:53Z,2,0,Question
Jugal Bhavsar,"Hello Sir,

For business analytics, should I join great learning or Jigsaw‚Äôs IIM Indore?

I‚Äôm working professional with 7+ years of experience.",2021-02-06T22:02:19Z,0,0,Question
Anshuman Pandey,Sir i am very poor please suggest me some some courses in this field,2021-02-02T14:46:50Z,1,0,Question
Susmito Bhattacharyya,I am working professional is it good for me if I want switch my skill?,2021-01-31T18:13:03Z,1,2,Question
Susmito Bhattacharyya,Then how to start from the scratch?,2021-02-01T05:00:53Z,0,,
Data Science Career Coach,No dear,2021-02-01T01:23:04Z,1,,
Khemangee Gavhade,ü•∫üôèüôèüôèüíØüíØüíØüëçüëçüëç,2021-01-25T09:53:41Z,1,0,Emotions
Vicky,Can anyone translate this content in english for a short?,2021-01-22T14:27:53Z,0,3,Question
Data Science Career Coach,"@Vicky yes but in ur case..., They may be good option for other cases but not for ur.case...",2021-01-22T15:47:06Z,0,,
Vicky,"@Data Science Career Coach thank you sir, this summary is also for other online portals right like upgrad, great learning, bits pilani?",2021-01-22T15:27:12Z,0,,
Data Science Career Coach,Pls dont waste money on simplilearn...that's the summary dear...,2021-01-22T14:29:13Z,1,,
Lucky Ali,What about skillathon that is also providing job gaurantee please make one video on skillathon..,2021-01-17T13:17:00Z,2,0,Question
Bhawna mangla,"Can you recommend courses who gives job guarantee, it would be great help",2021-01-17T13:11:57Z,4,3,Question
K D,There is a course from data trained with job guarantee,2021-04-11T08:33:59Z,0,,
RAHUL KUMAR,Job ka lya,2021-03-02T13:36:33Z,0,,
JITENDRA PANDA,Sir kya aap bataenge ki akhir karen to kisme join karen to job kuch miljaye.entry mil jaye please,2021-01-13T10:27:42Z,3,0,Help
Ayushkumar cricket channel,Pls share some name that guarantees job,2021-01-11T17:13:33Z,0,0,Question
Saurabh Somani,Hi... Can you review courses from working professional point of view... who want to change technology. Like I want switch to AI. Having 10 years experience,2021-01-04T19:04:28Z,1,0,Question
omey kulkarni,Thank you,2021-01-01T14:18:01Z,1,0,Appreciated
ANIKET HELGAONKAR,SIR SAME VIDEO ON GREYATOM DATA SCIENCE COURSE PLEASE,2020-12-27T16:02:00Z,0,0,Question
Joy,Kindly share the list of those training company that offers Job guarantee on data science training.,2020-12-26T21:24:29Z,0,0,Question
Shashi Gill,guarantee job dene wala Institute ka Naam v to nahi mil raha hai sir aap bata do plz.... Jo guaranteed job offer kar raha hai,2020-12-26T12:40:20Z,7,0,Question
Avinash Solanke,Plz review INSAID data science programs,2020-12-24T10:31:50Z,3,0,Question
Education X,"sir please review about masai school... I have no programming knowledge but has mathematics knowledge till 10+2 level . 
please guide sir.. thank you..",2020-12-18T09:48:45Z,1,0,Question
YASH INFINITE,Simplilearn kya sahi me Purdue university ka certificate provide karati hai..??,2020-12-17T14:12:33Z,1,0,Question
TOP 5 GANG,Applied AI course ke bare meh kuch suggestions?,2020-12-16T16:55:15Z,6,0,Question
Pradeep Rathore,How we can refund our money from simplilearn,2020-12-12T02:27:40Z,0,7,Question
Ravan Shyam,@Pradeep Rathore  thanks for your feedback bro,2021-06-02T04:49:48Z,0,,
Pradeep Rathore,@Ravan Shyam yes according to them they will refer  if u have certificatee of tthe course,2021-06-02T04:33:17Z,0,,
Ravan Shyam,@Pradeep Rathore  bro is they provide placement ??,2021-06-02T04:12:50Z,0,,
Pradeep Rathore,@Ravan Shyam if u have interest in prigramming then it is good otherwise waste of money...,2021-06-02T01:45:15Z,0,,
Ravan Shyam,"Bro, is simplilearn  worth or not ?? I am willing to join",2021-06-01T18:55:00Z,0,,
Pradeep Rathore,@Data Science Career Coach  It is more than  3 months when i was joining consultant assured that u cam stop training any time.,2020-12-12T03:09:07Z,0,,
Data Science Career Coach,If it is under refund period then u can ask for it...,2020-12-12T03:02:00Z,0,,
Sanjukta Indu,"Sir what abt CRBtech they r giving 100% Job placement guarantee and money we need to pay after getting Job. plz, review on that...Also which training co. do u recommend which can be worthful as per u?? Thnx",2020-12-11T10:13:19Z,1,1,Question
Adi,It is 100% fake . JUST AVOID THEM .,2021-03-18T21:36:22Z,0,,
Pratik Joshi,"Sir, is spring board better",2020-12-06T05:29:04Z,0,0,Question
rajeev gupta,sir job 100% which instutie provide,2020-12-04T12:32:49Z,1,1,Question
hoo,Yes there are courses with 100%job,2021-03-06T19:44:37Z,0,,
Vishal Singh,"sir,  please review on simplilearn full stack java developer",2020-12-03T05:14:00Z,1,1,Question
Data Science Career Coach,No courses from simplilearn as per my knowledge...,2020-12-03T05:37:14Z,1,,
shubham mishra,"Pgdm in data science ka kya review hai. Aur upgrad ka iiit Bangalore ka pgdm in data science

Indono ke bare mai kuch bataiye sir",2020-12-02T16:01:14Z,1,8,Question
shubham mishra,@Data Science Career Coach sir i have left my current job as i want to go in data science feild. I have experience in content writing.,2020-12-02T16:35:21Z,0,,
Data Science Career Coach,@shubham mishra have u left ur current job?,2020-12-02T16:33:36Z,0,,
Data Science Career Coach,"@shubham mishra have u left ur current job? , What is ur exp abt?",2020-12-02T16:30:57Z,0,,
shubham mishra,@Data Science Career Coach i have done my graduation in ece engineering and right now i have three years of experience in content writing. So will that not work?,2020-12-02T16:29:01Z,0,,
shubham mishra,@Data Science Career Coach then what should i choose in order to pursue my career in data science. I will be a fresher in data science but i am not a fresher. I am having three years of industry experience but totally different field.,2020-12-02T16:27:55Z,0,,
Data Science Career Coach,@shubham mishra in that case no pgdm course will work for u as per my knowledge...,2020-12-02T16:23:35Z,0,,
shubham mishra,@Data Science Career Coach yes sir,2020-12-02T16:07:58Z,0,,
Data Science Career Coach,R u a complete fresher?,2020-12-02T16:04:18Z,0,,Question
GOURAV RAY,Sir....aapka aanusar kon konsa aacha/best programs he job guaranteed program se for data science/ai/ml . And kya careerex ek accha job guaranteed program consider kiea ja sakta he(6 months wala). As i can hardly see any reviews/placement information of careerex in internet.,2020-12-01T03:16:17Z,0,2,Help
GOURAV RAY,@Data Science Career Coach haan sir... Wo mene dekhe he.. what about the first question...aapne sir uska reply nahi diya . Thanks for the reply üòä,2020-12-01T05:02:43Z,0,,
Data Science Career Coach,"Mera ek video hai careerex pe, pls search careerex reviews ,",2020-12-01T04:01:48Z,0,,
Hussain Otla,360digitmg data science course review sir,2020-11-30T17:03:26Z,2,0,Question
Mohsin Ansari,Can you review Job guarantee program all at once,2020-11-28T08:02:28Z,1,1,Question
Data Science Career Coach,"Sure, i will..",2020-11-28T08:18:29Z,1,,
vinod Kamble,Aap ka number do plz,2020-11-24T09:59:41Z,0,2,Help
Rajat Maurya,@Data Science Career Coach please btahiye jo sb se best h data science ke liye knowledge b mile aur job b and please durgasoft reviews?? Please,2021-02-22T05:21:18Z,0,,
Data Science Career Coach,"mere bhai, i m sorry phone pe baat kara bahut mushkeel hai, pls apne questions yahi pe puchho...",2020-11-25T01:12:48Z,0,,
vinod Kamble,Sir main data scientist banana cahata hu aap meri help karo plz,2020-11-24T09:59:16Z,0,1,Help
Data Science Career Coach,"Mere bhai, sabse pahle aap linkedin pe jao aur relavant connections ka atleast 100 connections ka data banao aise logon ka jo aap jaise the aur aapk aim ko pa chuke hain... ye data ban jaye to wapas comment karna, aapke sawal ka javan 90% mil chuka hoga..

-------------------
Your brother, Rakesh Yadav (Subscribe to my youtube channel ""<a href=""https://youtube.com/c/datascience"" target=""_blank"">Data Science Career Coach</a>"")
Submit your latest date science resume at https://bigdatakb.com/submit-cv so that I can immediately send it to all the data science job consultants and companies that we know

_____________/Important Playlists of our channel\_____________ 
Data Science Career Guidance: https://www.youtube.com/playlist?list=PLVHeB-UkHYGon_fApS9UaOakwjMDyy5Dt
Latest Data Science Jobs: https://www.youtube.com/playlist?list=PLVHeB-UkHYGoaAzVFxwJezPza1ZxSPat_

_____________/Our Popular Videos on Data Science Career Guidance\_____________
‚ñ∫ Data Science Recession Is Coming Soon?  https://www.youtube.com/watch?v=hXB1G649d24
‚ñ∫ UpGrad Data Science Course Review & Placements: https://www.youtube.com/watch?v=PJPeHrzHcOE
‚ñ∫ How To Get 100% Placemets With IT Madras BSc Data Science Online Degree? https://www.youtube.com/watch?v=FhsVQIyUkV8
_____________/Our Popular Videos on Linkedin connection building\_____________
‚ñ∫ How To Apply For Data Science Jobs In India ? How To Get Data Science Jobs Referrals From Linkedin?
https://youtu.be/0wIF-SxUqwM
‚ñ∫I Have Applied To Jobs, Now How To Get Referrals and Help From Linkedin ?
https://youtu.be/52H7_hvO3UA",2020-11-25T01:14:24Z,1,,
SHASHI PRAKASH,Please review Aegis business school of data science and praxis business school.....,2020-11-21T19:19:59Z,0,1,
hoo,Better than aegis,2021-03-06T19:43:13Z,0,,
37 ikram,Suggest u r trusted  job guarantee Institute  which gives jobs guarantee,2020-11-20T17:08:18Z,0,1,
Data Science Career Coach,pls watch this video: best data science course https://youtu.be/QOBF4yzW0cA,2020-11-21T00:41:57Z,0,,
pvk prasad,What about pg program in simplilearn,2020-11-14T17:26:50Z,1,1,
Ashutosh Shinde,@Akshay Naik hallo brother I'm little confused by these review can we talk,2020-12-19T16:41:03Z,0,,
Suraj Acharya,"sir main masters in statistics ho, mujhe data science course karna hae, kaise karu please help kardijiye, IT sectors main kaise enter karu?
please help",2020-11-11T16:04:29Z,0,0,Help
Ghulam Abbas,Sir please suggest any training company which gives job guarantee..??..,2020-11-11T09:05:26Z,1,0,Help
shabrin R,"Sir Pls provide your email ID or guide me for my career @ shabrintaj24@gmail.com
Pls sir",2020-11-10T15:56:08Z,0,1,Question
shabrin R,"@Data Science Career Coach 
Hi sir, 
I have completed B. Tech  IT then I started my career in banking industry. Now I have 7Year experience in pvt banking industry .I want to do data science program... Shall I do or not 
Pls assist sir",2020-11-10T19:23:14Z,0,,Question
Utkarsh Upadhyay,Sir so simplilearn doesn't provide placement,2020-11-10T12:19:54Z,0,3,Question
Ashwini amarnath,"@Utkarsh Upadhyay hi  did you join simplilearn, how is the course  going on.....plz give your review",2021-06-16T00:43:36Z,0,,
Shyam Kumar,@Utkarsh Upadhyay  How is the course in Simpli learn soo far,2020-11-15T14:41:40Z,0,,
Utkarsh Upadhyay,Sir I have already joined this course do they really don't provide placement,2020-11-10T12:47:13Z,0,,
sasha123103,English pls,2020-11-06T06:14:59Z,1,0,Suggestion
Vinay Naik,Sir please review AppliedAi course,2020-10-28T09:08:18Z,1,0,Help
Vishal Tyagi,Thank you sir,2020-10-28T08:19:00Z,1,0,Appreciated
Ankit Singh,"Sir ,can you share some job guaranty training company  ?",2020-10-28T04:02:46Z,1,1,Help
hoo,Yes there are in upgrad education,2021-03-06T19:42:22Z,0,,
Sonu Bhati,Hlo sir please tell me about  careerex course which they are giving in 20k for a student,2020-10-28T03:49:14Z,1,2,Question
shivnandan singh,@Jaswinder Singh  sir I want to contect u,2021-10-12T13:06:05Z,1,,Question
